experiment,llama_e0,minitaur_e0,uniform,base_rate,sticky,bigram,llama_e1_drop,minitaur_e1_drop,minitaur_e3_gap_w0,llama_e3_gap_w0,minitaur_e3_gap_w1,llama_e3_gap_w1,minitaur_e3_gap_w20,llama_e3_gap_w20
badham2017deficits/exp1.csv,0.6042,0.5982,0.6931,0.6999,0.6949,0.6999,0.1984,0.1773,1.014,1.4338,0.0711,0.0665,-0.0149,-0.0159
bahrami2020four/exp.csv,0.9115,0.8976,1.3863,1.2402,1.0089,0.978,0.801,0.7478,2.0145,2.5994,0.4845,0.4933,0.019,0.0202
collsiöö2023MCPL/exp1.csv,1.2453,1.2192,2.1854,1.9503,2.1656,2.0575,1.4072,1.3997,1.6671,1.8081,0.5094,0.4969,0.3493,0.3408
collsiöö2023MCPL/exp2.csv,1.2007,1.1769,2.1553,1.9111,2.1502,2.007,1.5385,1.5323,0.773,0.8646,0.2391,0.2305,0.2162,0.2076
collsiöö2023MCPL/exp3.csv,1.6043,1.593,2.0698,1.8198,2.0295,1.8594,1.0149,1.0068,1.5891,1.8018,0.1528,0.1553,0.017,0.0077
cox2017information/exp1.csv,1.378,1.3613,3.6911,2.181,2.7816,1.9341,0.2337,0.201,2.0223,2.1711,0.8014,0.801,0.0094,0.0086
enkavi2019adaptivenback/exp1.csv,0.5649,0.5539,0.6931,0.6148,0.6784,0.6166,0.1403,0.1364,0.7524,0.9836,0.2328,0.2326,0.0355,0.0305
enkavi2019digitspan/exp1.csv,0.7628,0.749,2.3026,2.3499,2.244,2.2364,-0.6738,-0.6956,2.3278,2.6448,1.7405,1.7756,0.0724,0.0825
enkavi2019gonogo/exp1.csv,0.0036,0.0029,0.0,0.0,0.0,0.0,0.0308,0.0236,0.6285,0.8157,0.0206,0.0245,0.0055,0.0068
enkavi2019recentprobes/exp1.csv,0.3832,0.3524,0.6931,0.7194,0.7171,0.7338,0.2768,0.2107,0.7454,1.0484,0.19,0.202,0.0062,0.0068
feng2021dynamics/exp1.csv,0.3648,0.3575,0.6931,0.6888,0.5605,0.5613,0.2368,0.2366,1.5796,2.002,0.291,0.3015,0.1984,0.1813
flesch2018comparing/exp1.csv,0.4777,0.4642,0.6931,0.6777,0.6848,0.6745,0.2944,0.2957,0.5553,0.8268,0.3029,0.308,0.05,0.0438
frey2017cct/exp1.csv,0.2544,0.2512,0.6931,0.2927,0.4141,0.2933,0.06,0.051,0.805,1.1047,0.0986,0.0856,0.0561,0.0532
frey2017risk/exp1.csv,0.0822,0.0812,0.6931,0.0998,0.1662,0.1018,0.0475,0.0427,0.0981,0.1136,0.0127,0.0129,0.0,-0.0001
garcia2023experiential/exp1.csv,0.7613,0.7482,2.6454,2.3413,2.5456,2.404,-0.8242,-0.8133,1.4375,1.6793,0.1878,0.202,0.0249,0.0309
garcia2023experiential/exp2.csv,0.6568,0.6482,2.6578,2.304,1.6971,1.5993,-0.7989,-0.7955,1.4242,1.6614,0.2136,0.2129,0.0317,0.0282
garcia2023experiential/exp3.csv,0.6438,0.6325,2.6764,2.2987,1.6319,1.5877,-1.0403,-1.0437,1.3675,1.5898,0.2319,0.2315,0.022,0.012
garcia2023experiential/exp4.csv,0.5743,0.5642,2.1268,1.5941,1.2429,1.0387,-0.549,-0.5465,1.3758,1.602,0.1815,0.1733,0.0705,0.0654
gershman2018deconstructing/exp1.csv,0.4225,0.4207,0.6931,0.512,0.4678,0.4414,0.1763,0.1444,1.59,2.0092,0.3431,0.3585,0.0372,0.0385
gershman2018deconstructing/exp2.csv,0.3752,0.3696,0.6931,0.686,0.5659,0.5666,0.3784,0.3543,1.3691,1.8121,0.3337,0.3536,0.0557,0.0667
gershman2020reward/exp1.csv,0.7028,0.6909,1.0986,1.103,1.1018,1.1119,0.2876,0.2818,1.1549,1.4776,0.354,0.3538,-0.0112,-0.0144
hebart2023things/exp1.csv,1.162,1.1476,1.0905,1.1427,1.1293,1.1751,0.3347,0.2255,0.6439,0.9909,0.017,0.0164,0.0055,0.0061
hilbig2014generalized/exp1.csv,0.2546,0.2422,0.6931,0.7176,0.7177,0.735,0.7725,0.7082,0.8222,1.1186,0.3425,0.3513,0.1324,0.1604
jansen2021dunningkruger/exp1.csv,2.1467,2.0685,2.4616,2.5978,2.4918,2.4044,2.3123,2.2062,4.6385,4.8552,0.2235,0.2132,0.0178,0.0158
kool2016when/exp1.csv,0.6519,0.6416,1.3863,1.3916,1.3594,1.3602,0.2599,0.2332,0.768,1.0304,0.0909,0.0857,0.0038,0.0024
kool2016when/exp2.csv,0.587,0.5802,1.7918,1.7105,1.6332,1.1377,0.2239,0.1926,0.8606,1.0824,0.1541,0.1537,0.0155,0.0181
kool2017cost/exp1.csv,0.6791,0.6756,1.3863,1.4009,1.3844,1.42,0.0572,0.041,0.4356,0.6609,0.007,0.0194,-0.0448,-0.0432
kool2017cost/exp2.csv,0.5793,0.5732,1.7918,1.6801,1.6189,1.0446,0.1616,0.1464,0.6619,0.849,0.1166,0.12,0.0223,0.0293
krueger2022identifying/exp1.csv,0.9395,0.91,2.3882,2.3878,2.3066,1.9488,0.9317,0.8545,1.3597,1.5748,0.7655,0.7838,0.1156,0.121
kumar2023disentangling/exp1.csv,2.8191,2.8001,3.8685,3.9372,3.8705,3.6952,0.5585,0.5595,0.6371,0.6597,0.0408,0.0442,0.007,0.0106
lefebvre2017behavioural/exp1.csv,0.6024,0.5938,2.0315,1.9641,2.0505,2.0164,0.3031,0.2778,0.8908,1.1306,0.1379,0.1456,0.0202,0.0245
lefebvre2017behavioural/exp2.csv,0.4919,0.4875,2.0127,1.8989,2.0306,1.9388,-0.0888,-0.11,0.7111,0.9549,0.1579,0.1779,0.0037,0.0092
levering2020revisiting/exp1.csv,0.6001,0.5927,1.8659,0.9885,1.7107,1.0627,-0.5481,-0.5577,1.0022,1.2422,0.1657,0.1623,0.0038,0.0009
levering2020revisiting/exp2.csv,0.559,0.5495,1.8139,0.9768,1.6807,1.0417,-0.4495,-0.4698,1.0153,1.2853,0.1684,0.1653,0.01,0.0158
ludwig2023human/exp0.csv,0.6425,0.6358,0.6931,0.7016,0.6891,0.6957,0.1834,0.1441,0.6878,1.218,0.0049,0.0269,0.2242,0.2297
ludwig2023human/exp1.csv,0.5895,0.5866,0.6931,0.701,0.6963,0.7024,0.181,0.1771,0.5173,0.9442,0.4181,0.4048,0.1125,0.113
ludwig2023human/exp2.csv,0.5593,0.5575,0.6931,0.6754,0.6862,0.6691,0.3358,0.3033,0.9264,1.4147,0.2199,0.2217,-0.0604,-0.0385
peterson2021using/exp1.csv,0.5504,0.5347,0.6931,0.6949,0.5686,0.5816,0.5292,0.4217,1.3213,1.8519,0.1165,0.1302,0.0033,0.0044
plonsky2018when/exp1.csv,0.3876,0.3852,0.6931,0.6788,0.45,0.4499,0.2065,0.197,1.9341,2.4658,0.1485,0.1527,0.0327,0.0391
popov2023intent/exp1.csv,1.6355,1.6151,3.713,2.6709,3.0795,2.3752,-2.1898,-2.2355,2.1037,2.4041,0.9694,0.9972,0.846,0.8568
popov2023intent/exp2.csv,1.2547,1.2285,3.5065,2.5087,2.8163,2.2311,-1.2447,-1.2391,1.4603,1.8031,0.8176,0.8068,0.5319,0.5331
popov2023intent/exp3.csv,1.4662,1.4375,3.6572,2.7802,3.1723,2.4707,-2.4337,-2.4522,1.2781,1.5185,0.2405,0.2383,0.1907,0.1738
ruggeri2022globalizability/exp1.csv,0.7617,0.7123,0.6654,0.6696,0.6773,0.682,0.5652,0.4081,0.5693,0.8163,0.0329,0.0186,0.0,0.0
sadeghiyeh2020temporal/exp1.csv,0.6616,0.6571,0.6931,0.694,0.6867,0.6862,0.1331,0.1154,1.6312,1.9911,0.0621,0.0658,-0.0187,-0.0196
schulz2020finding/exp1.csv,0.7471,0.7345,2.0794,1.6037,1.1299,1.0756,1.1359,1.114,1.7486,2.1561,0.4923,0.4841,0.071,0.0737
schulz2020finding/exp2.csv,0.6955,0.6833,2.0794,1.8484,1.2122,1.1444,0.8825,0.8655,1.7648,2.176,0.4845,0.4622,0.0429,0.0359
schulz2020finding/exp3.csv,0.8735,0.8626,2.0724,1.677,1.3588,1.2446,0.7958,0.7743,1.7888,2.1886,0.6748,0.6632,0.1599,0.1703
schulz2020finding/exp4.csv,0.9254,0.9127,2.0794,1.9053,1.3741,1.378,1.1095,1.0892,1.8759,2.3111,0.4772,0.4635,0.0569,0.0642
schulz2020finding/exp5.csv,0.928,0.9159,2.0794,1.948,1.3315,1.3373,0.8448,0.8306,1.7885,2.2244,0.5444,0.5314,0.0691,0.0692
somerville2017charting/exp1.csv,0.495,0.4854,0.6931,0.6972,0.6097,0.6137,0.2051,0.2028,1.9701,2.3385,0.2864,0.31,0.0722,0.0812
speekenbrink2008learning/exp1.csv,0.5833,0.5792,0.6931,0.6983,0.6899,0.6948,0.323,0.3044,1.0002,1.3457,0.0772,0.0567,-0.0436,-0.0538
steingroever2015data/exp1.csv,1.066,1.0519,1.3863,1.2792,1.1344,1.1113,0.723,0.6508,2.7597,3.3422,0.2636,0.2638,0.031,0.0315
steingroever2015data/exp2.csv,1.2713,1.2612,1.3863,1.3473,1.3321,1.2848,0.0369,-0.0135,3.2247,3.7703,0.438,0.4176,-0.0408,-0.0159
steingroever2015data/exp3.csv,0.8412,0.8307,1.3863,1.1479,0.9452,0.9035,0.6347,0.5892,2.7963,3.325,0.401,0.4027,0.0076,0.0124
tomov2020discovery/exp2.csv,1.4744,1.4598,1.6662,1.5539,1.5286,1.3275,0.2172,0.2072,0.7329,0.9362,0.3001,0.3013,0.009,-0.001
tomov2020discovery/exp4.csv,1.4365,1.4218,1.6459,1.4428,1.6498,1.2347,0.3364,0.3189,0.9141,1.1224,0.5962,0.6232,0.0557,0.0476
tomov2020discovery/exp5.csv,1.5912,1.5761,1.7091,1.5857,1.7031,1.3841,0.3672,0.347,0.8191,1.0223,0.4082,0.418,0.0195,0.0162
tomov2020discovery/exp7.csv,1.6151,1.6036,1.7224,1.6116,1.6725,1.487,0.2095,0.1983,1.0171,1.2171,0.4519,0.4608,0.0067,0.0205
tomov2021multitask/exp1.csv,0.745,0.7337,1.0986,1.0659,1.0306,0.9347,0.6475,0.6226,0.8753,1.2122,0.1158,0.1195,0.0193,0.0324
tomov2021multitask/exp3.csv,0.5725,0.5643,1.0986,1.0598,0.9924,0.8443,0.6194,0.5897,0.9516,1.2765,0.1819,0.1817,0.0096,0.0252
waltz2020differential/exp1.csv,0.311,0.3011,0.6931,0.6904,0.4366,0.4408,0.182,0.1598,1.4374,1.8433,0.4871,0.4693,0.0525,0.0604
wilson2014humans/exp1.csv,0.4711,0.4635,0.6931,0.6944,0.5926,0.5947,0.2069,0.2041,1.5147,1.8269,0.2913,0.3106,0.054,0.0426
wilson2014humans/exp3.csv,0.4803,0.4749,0.6931,0.6978,0.6013,0.6055,0.1977,0.1813,1.7694,2.1956,0.0736,0.0899,0.0094,0.023
wilson2014humans/exp4.csv,0.5635,0.5582,0.6931,0.6883,0.6398,0.6394,0.1555,0.1441,1.6361,1.9995,0.1972,0.2013,0.0327,0.0358
wilson2014humans/exp5.csv,0.6424,0.6406,0.6931,0.6947,0.6634,0.6648,0.0542,0.045,1.463,1.8117,0.0488,0.0502,-0.008,-0.0033
wise2019acomputational/exp1.csv,5.2424,5.2238,4.7976,4.9326,4.787,4.5098,2.0993,2.0825,1.5972,1.6609,0.3825,0.3855,0.1785,0.1814
wu2018generalisation/exp1.csv,2.6119,2.5859,3.3548,3.5221,3.3652,3.2594,0.6688,0.6212,4.0487,4.6393,0.4124,0.4242,-0.048,-0.0402
wu2023chunking/exp1.csv,0.1385,0.1373,1.3863,1.3956,1.3578,1.036,0.0439,0.0373,2.1567,2.4779,0.1509,0.1425,0.0053,0.0077
wu2023chunking/exp2.csv,0.2579,0.257,1.3863,1.3921,1.3004,0.8766,0.0544,0.0441,2.0411,2.3384,0.2695,0.262,0.122,0.1269
wulff2018description/exp1.csv,0.9467,0.838,0.5822,0.6762,0.6569,0.6463,0.9708,0.5472,0.5955,1.1344,0.0493,0.0518,0.0007,0.001
wulff2018sampling/exp1.csv,0.6665,0.6231,0.9793,0.9153,0.7238,0.688,0.7445,0.5022,1.3036,1.9004,0.3566,0.3428,0.0676,0.0724
xiong2023neural/exp1.csv,0.3382,0.3363,0.6931,0.6851,0.4786,0.4779,0.1949,0.1911,1.5939,1.8764,0.3655,0.3806,0.1679,0.1687
zhu2020bayesian/exp1.csv,2.1385,2.1203,2.5722,2.3193,2.444,2.3823,1.0898,1.0266,3.4554,3.6296,1.1226,1.1782,0.0992,0.0858
zhu2020bayesian/exp2.csv,2.8763,2.8568,3.3168,3.0705,3.295,3.2299,0.9335,0.9134,3.5336,3.7772,0.9007,0.9135,0.2326,0.2405
zorowitz2023data/exp1.csv,0.583,0.5774,1.7918,1.7062,1.6188,1.0645,0.1644,0.1522,0.6926,0.8913,-0.0477,-0.0562,-0.0344,-0.0391
