experiment,uniform,base_rate,sticky,bigram
badham2017deficits/exp1.csv,0.5,0.5056139252578378,0.4899410112213256,0.5379513261917708
bahrami2020four/exp.csv,0.2508680555555555,0.4165469330994857,0.5766551845839553,0.6020729780245558
collsiöö2023MCPL/exp1.csv,0.1125,0.26810035842293906,0.17347670250896058,0.24587813620071683
collsiöö2023MCPL/exp2.csv,0.1164021164021164,0.2992831541218638,0.16009557945041816,0.2550776583034648
collsiöö2023MCPL/exp3.csv,0.12748015873015872,0.3126520681265207,0.24635036496350368,0.2937956204379562
cox2017information/exp1.csv,0.02771235098753696,0.35008822791454114,0.43599527784580117,0.43695610592212514
enkavi2019adaptivenback/exp1.csv,0.5,0.6915598945055602,0.5734518551802024,0.686323377965087
enkavi2019digitspan/exp1.csv,0.1,0.11813733391439998,0.017064744279896377,0.16126036724522638
enkavi2019gonogo/exp1.csv,1.0,1.0,1.0,1.0
enkavi2019recentprobes/exp1.csv,0.5,0.49211733786225764,0.5161274673128752,0.49840909182071186
feng2021dynamics/exp1.csv,0.5,0.5490020851951147,0.7432231158772714,0.739946380697051
flesch2018comparing/exp1.csv,0.5,0.5693580209439976,0.538473212930642,0.5698133252390348
frey2017cct/exp1.csv,0.5,0.9120498346074247,0.8489500915741041,0.9117614883408326
frey2017risk/exp1.csv,0.5,0.9784838576547109,0.9575273842901805,0.9784838576547109
garcia2023experiential/exp1.csv,0.07137958038693333,0.18023255813953487,0.21976744186046512,0.20232558139534884
garcia2023experiential/exp2.csv,0.07086080586080587,0.1888372093023256,0.6037209302325581,0.5674418604651164
garcia2023experiential/exp3.csv,0.06905906593406592,0.18333333333333335,0.6294573643410852,0.5806201550387596
garcia2023experiential/exp4.csv,0.12031024531024531,0.34676102340773,0.678279804028307,0.6603157321720196
gershman2018deconstructing/exp1.csv,0.5,0.7557788944723618,0.7467336683417085,0.7969849246231157
gershman2018deconstructing/exp2.csv,0.5,0.5590452261306532,0.7525125628140704,0.7386934673366834
gershman2020reward/exp1.csv,0.3333333333333333,0.3663485012257505,0.34296917220447837,0.3754360830814844
hebart2023things/exp1.csv,0.3340175150519978,0.34291197559969355,0.3361790486305846,0.33985533447246974
hilbig2014generalized/exp1.csv,0.5,0.5070175438596491,0.48596491228070177,0.4701754385964912
jansen2021dunningkruger/exp1.csv,0.08750760763144663,0.11822038757023276,0.15456943011122576,0.1241830065359477
kool2016when/exp1.csv,0.25,0.3009727264299246,0.37490586967195044,0.34753646749978484
kool2016when/exp2.csv,0.16666666666666666,0.311265843134411,0.0021712871434124933,0.5102821705380642
kool2017cost/exp1.csv,0.25,0.2713336896939029,0.2874836700746937,0.28759787355265065
kool2017cost/exp2.csv,0.16666666666666666,0.31327367185525623,0.0,0.5318488601761403
krueger2022identifying/exp1.csv,0.09146638801811216,0.12785045825269634,0.0,0.23138507047743204
kumar2023disentangling/exp1.csv,0.02082536915780232,0.021022061137839613,0.014556622282475742,0.08324628780727279
lefebvre2017behavioural/exp1.csv,0.13194444444444445,0.14912280701754385,0.15789473684210528,0.1912280701754386
lefebvre2017behavioural/exp2.csv,0.13392857142857142,0.1,0.1473684210526316,0.19473684210526315
levering2020revisiting/exp1.csv,0.1611331569664903,0.47777777777777775,0.3898989898989899,0.4996632996632997
levering2020revisiting/exp2.csv,0.16770833333333332,0.49116161616161613,0.3881313131313131,0.5202020202020202
ludwig2023human/exp0.csv,0.5,0.4865366759517178,0.5571030640668524,0.5506035283194057
ludwig2023human/exp1.csv,0.5,0.5027855153203342,0.5501392757660166,0.5376044568245125
ludwig2023human/exp2.csv,0.5,0.596100278551532,0.5793871866295264,0.6309192200557103
peterson2021using/exp1.csv,0.5054607508532423,0.568084869113519,0.7326947706570682,0.7200300434912249
plonsky2018when/exp1.csv,0.5,0.5759345794392523,0.8164218958611481,0.8124165554072097
popov2023intent/exp1.csv,0.02441860465116279,0.34671548969213656,0.34624372954801674,0.3600761966046037
popov2023intent/exp2.csv,0.030154994166450608,0.3527597402597402,0.3870754245754246,0.37366383616383614
popov2023intent/exp3.csv,0.026055743935000902,0.2821029101206125,0.2979055289842671,0.3140577844122379
ruggeri2022globalizability/exp1.csv,0.5285714285714286,0.6111544011544011,0.6403447603447604,0.5983600483600483
sadeghiyeh2020temporal/exp1.csv,0.5,0.5432643425652544,0.5279754191432215,0.570580678032612
schulz2020finding/exp1.csv,0.125,0.3641768859160164,0.7231512448903753,0.6956521739130435
schulz2020finding/exp2.csv,0.125,0.294314381270903,0.6963210702341137,0.6678929765886288
schulz2020finding/exp3.csv,0.12593984962406016,0.37158950888928005,0.6310508713254709,0.6215455025523675
schulz2020finding/exp4.csv,0.125,0.267797419971333,0.6294792164357382,0.578356426182513
schulz2020finding/exp5.csv,0.125,0.22928279450018582,0.619472315124489,0.5912300260126346
somerville2017charting/exp1.csv,0.5,0.5108612317914644,0.6989522105801175,0.6923076923076924
speekenbrink2008learning/exp1.csv,0.5,0.542713567839196,0.5477386934673367,0.5552763819095478
steingroever2015data/exp1.csv,0.25,0.40796857463524133,0.47624392068836513,0.5323606434717546
steingroever2015data/exp2.csv,0.25,0.3563829787234043,0.3191489361702128,0.4308510638297872
steingroever2015data/exp3.csv,0.25,0.5221476510067113,0.6590604026845638,0.638255033557047
tomov2020discovery/exp2.csv,0.18982683982683984,0.31368243080152414,0.36643105055753017,0.467073313398363
tomov2020discovery/exp4.csv,0.19333333333333333,0.40515549335478546,0.2330187280977225,0.4480516859164244
tomov2020discovery/exp5.csv,0.1840873015873016,0.2822281846724043,0.225519235696546,0.4037882465709718
tomov2020discovery/exp7.csv,0.1801120448179272,0.28365866648255733,0.30920319555851133,0.36340547007993684
tomov2021multitask/exp1.csv,0.3333333333333333,0.4471122647631408,0.2593553969284015,0.5249837767683322
tomov2021multitask/exp3.csv,0.3333333333333333,0.4564676616915423,0.1890547263681592,0.570273631840796
waltz2020differential/exp1.csv,0.5,0.570754716981132,0.8466981132075472,0.8443396226415094
wilson2014humans/exp1.csv,0.5,0.5203306523681859,0.6910187667560321,0.6863270777479893
wilson2014humans/exp3.csv,0.5,0.5199056676786067,0.6711418806133193,0.69097834125759
wilson2014humans/exp4.csv,0.5,0.5503333875426898,0.641079850382176,0.6350626118067978
wilson2014humans/exp5.csv,0.5,0.5292188431723316,0.5930232558139535,0.6067382230172927
wise2019acomputational/exp1.csv,0.008692791143873767,0.041274817136886105,0.027690700104493208,0.15308254963427378
wu2018generalisation/exp1.csv,0.03495104299702001,0.044817927170868355,0.01680672268907563,0.07563025210084033
wu2023chunking/exp1.csv,0.25,0.23903903903903903,0.15105105105105104,0.5816816816816817
wu2023chunking/exp2.csv,0.25,0.25995995995995996,0.08668668668668669,0.7264264264264264
wulff2018description/exp1.csv,0.5991189427312775,0.5716432053021242,0.5851279945494754,0.5713339298935288
wulff2018sampling/exp1.csv,0.38564476885644766,0.4777413335594538,0.5444396486027321,0.6977938033269405
xiong2023neural/exp1.csv,0.5,0.5490032645690074,0.8010002083767452,0.8001667013961242
zhu2020bayesian/exp1.csv,0.07738095238095238,0.20378151260504201,0.23319327731092437,0.20588235294117646
zhu2020bayesian/exp2.csv,0.03835519182114956,0.12392077196546471,0.09192483494159473,0.09497206703910614
zorowitz2023data/exp1.csv,0.16666666666666666,0.28952618453865336,0.0,0.5306733167082294
